<?xml version="1.0" encoding="UTF-8"?>
<project-private xmlns="http://www.netbeans.org/ns/project-private/1">
    <editor-bookmarks xmlns="http://www.netbeans.org/ns/editor-bookmarks/2" lastBookmarkId="0"/>
    <open-files xmlns="http://www.netbeans.org/ns/projectui-open-files/2">
        <group>
            <file>file:/C:/Users/01642/Desktop/Tài%20Liệu%20Học%20Tập/ThucHanhBaoMatThongTin/PwdEncryption/src/pwdencryption/FormDencrypt.java</file>
            <file>file:/C:/Users/01642/Desktop/Tài%20Liệu%20Học%20Tập/ThucHanhBaoMatThongTin/PwdEncryption/src/pwdencryption/Vigenere.java</file>
        </group>
    </open-files>
</project-private>
